<annotation>
	<folder>DARIGIL</folder>
	<filename>IMG_000486.jpg</filename>
	<path>G:\Mi unidad\smartcity\train\DARIGIL\IMG_000486.jpg</path>
	<source>
		<database>Unknown</database>
	</source>
	<size>
		<width>640</width>
		<height>480</height>
		<depth>3</depth>
	</size>
	<segmented>0</segmented>
	<object>
		<name>person</name>
		<pose>Unspecified</pose>
		<truncated>0</truncated>
		<difficult>0</difficult>
		<bndbox>
			<xmin>84</xmin>
			<ymin>173</ymin>
			<xmax>318</xmax>
			<ymax>341</ymax>
		</bndbox>
	</object>
</annotation>
