<annotation>
	<folder>DARIGIL</folder>
	<filename>IMG_000731.jpg</filename>
	<path>G:\Mi unidad\smartcity\train\DARIGIL\IMG_000731.jpg</path>
	<source>
		<database>Unknown</database>
	</source>
	<size>
		<width>640</width>
		<height>480</height>
		<depth>3</depth>
	</size>
	<segmented>0</segmented>
	<object>
		<name>person</name>
		<pose>Unspecified</pose>
		<truncated>1</truncated>
		<difficult>0</difficult>
		<bndbox>
			<xmin>342</xmin>
			<ymin>1</ymin>
			<xmax>552</xmax>
			<ymax>142</ymax>
		</bndbox>
	</object>
	<object>
		<name>person</name>
		<pose>Unspecified</pose>
		<truncated>0</truncated>
		<difficult>0</difficult>
		<bndbox>
			<xmin>208</xmin>
			<ymin>148</ymin>
			<xmax>432</xmax>
			<ymax>319</ymax>
		</bndbox>
	</object>
	<object>
		<name>person</name>
		<pose>Unspecified</pose>
		<truncated>0</truncated>
		<difficult>0</difficult>
		<bndbox>
			<xmin>31</xmin>
			<ymin>135</ymin>
			<xmax>211</xmax>
			<ymax>335</ymax>
		</bndbox>
	</object>
</annotation>
