<annotation>
	<folder>DARIGIL</folder>
	<filename>IMG_000384.jpg</filename>
	<path>G:\Mi unidad\smartcity\train\DARIGIL\IMG_000384.jpg</path>
	<source>
		<database>Unknown</database>
	</source>
	<size>
		<width>640</width>
		<height>480</height>
		<depth>3</depth>
	</size>
	<segmented>0</segmented>
	<object>
		<name>person</name>
		<pose>Unspecified</pose>
		<truncated>0</truncated>
		<difficult>0</difficult>
		<bndbox>
			<xmin>16</xmin>
			<ymin>164</ymin>
			<xmax>273</xmax>
			<ymax>371</ymax>
		</bndbox>
	</object>
	<object>
		<name>person</name>
		<pose>Unspecified</pose>
		<truncated>0</truncated>
		<difficult>0</difficult>
		<bndbox>
			<xmin>349</xmin>
			<ymin>46</ymin>
			<xmax>543</xmax>
			<ymax>231</ymax>
		</bndbox>
	</object>
</annotation>
