<annotation>
	<folder>DARIGIL</folder>
	<filename>IMG_000104.jpg</filename>
	<path>G:\Mi unidad\smartcity\train\DARIGIL\IMG_000104.jpg</path>
	<source>
		<database>Unknown</database>
	</source>
	<size>
		<width>640</width>
		<height>480</height>
		<depth>3</depth>
	</size>
	<segmented>0</segmented>
	<object>
		<name>person</name>
		<pose>Unspecified</pose>
		<truncated>1</truncated>
		<difficult>0</difficult>
		<bndbox>
			<xmin>186</xmin>
			<ymin>1</ymin>
			<xmax>405</xmax>
			<ymax>208</ymax>
		</bndbox>
	</object>
</annotation>
