<annotation>
	<folder>DARIGIL</folder>
	<filename>IMG_000302.jpg</filename>
	<path>G:\Mi unidad\smartcity\train\DARIGIL\IMG_000302.jpg</path>
	<source>
		<database>Unknown</database>
	</source>
	<size>
		<width>640</width>
		<height>480</height>
		<depth>3</depth>
	</size>
	<segmented>0</segmented>
	<object>
		<name>person</name>
		<pose>Unspecified</pose>
		<truncated>0</truncated>
		<difficult>0</difficult>
		<bndbox>
			<xmin>145</xmin>
			<ymin>82</ymin>
			<xmax>358</xmax>
			<ymax>238</ymax>
		</bndbox>
	</object>
</annotation>
