<annotation>
	<folder>ROBERTO</folder>
	<filename>IMG_000737.jpg</filename>
	<path>C:\Users\USUARIO\Desktop\DatasetCuentaPersonas\Frames\Lab\Train\ROBERTO\IMG_000737.jpg</path>
	<source>
		<database>Unknown</database>
	</source>
	<size>
		<width>640</width>
		<height>480</height>
		<depth>3</depth>
	</size>
	<segmented>0</segmented>
	<object>
		<name>person</name>
		<pose>Unspecified</pose>
		<truncated>0</truncated>
		<difficult>0</difficult>
		<bndbox>
			<xmin>11</xmin>
			<ymin>83</ymin>
			<xmax>214</xmax>
			<ymax>230</ymax>
		</bndbox>
	</object>
	<object>
		<name>person</name>
		<pose>Unspecified</pose>
		<truncated>0</truncated>
		<difficult>0</difficult>
		<bndbox>
			<xmin>189</xmin>
			<ymin>204</ymin>
			<xmax>400</xmax>
			<ymax>433</ymax>
		</bndbox>
	</object>
	<object>
		<name>person</name>
		<pose>Unspecified</pose>
		<truncated>0</truncated>
		<difficult>0</difficult>
		<bndbox>
			<xmin>354</xmin>
			<ymin>72</ymin>
			<xmax>563</xmax>
			<ymax>243</ymax>
		</bndbox>
	</object>
</annotation>
