<annotation>
	<folder>ROBERTO</folder>
	<filename>IMG_000615.jpg</filename>
	<path>C:\Users\USUARIO\Desktop\DatasetCuentaPersonas\Frames\Lab\Train\ROBERTO\IMG_000615.jpg</path>
	<source>
		<database>Unknown</database>
	</source>
	<size>
		<width>640</width>
		<height>480</height>
		<depth>3</depth>
	</size>
	<segmented>0</segmented>
	<object>
		<name>person</name>
		<pose>Unspecified</pose>
		<truncated>0</truncated>
		<difficult>0</difficult>
		<bndbox>
			<xmin>66</xmin>
			<ymin>209</ymin>
			<xmax>275</xmax>
			<ymax>423</ymax>
		</bndbox>
	</object>
	<object>
		<name>person</name>
		<pose>Unspecified</pose>
		<truncated>0</truncated>
		<difficult>0</difficult>
		<bndbox>
			<xmin>348</xmin>
			<ymin>28</ymin>
			<xmax>559</xmax>
			<ymax>213</ymax>
		</bndbox>
	</object>
</annotation>
