<annotation>
	<folder>DARIGIL</folder>
	<filename>IMG_000206.jpg</filename>
	<path>G:\Mi unidad\smartcity\train\DARIGIL\IMG_000206.jpg</path>
	<source>
		<database>Unknown</database>
	</source>
	<size>
		<width>640</width>
		<height>480</height>
		<depth>3</depth>
	</size>
	<segmented>0</segmented>
	<object>
		<name>person</name>
		<pose>Unspecified</pose>
		<truncated>0</truncated>
		<difficult>0</difficult>
		<bndbox>
			<xmin>296</xmin>
			<ymin>155</ymin>
			<xmax>488</xmax>
			<ymax>396</ymax>
		</bndbox>
	</object>
	<object>
		<name>person</name>
		<pose>Unspecified</pose>
		<truncated>1</truncated>
		<difficult>0</difficult>
		<bndbox>
			<xmin>44</xmin>
			<ymin>1</ymin>
			<xmax>268</xmax>
			<ymax>142</ymax>
		</bndbox>
	</object>
</annotation>
