<annotation>
	<folder>DARIGIL</folder>
	<filename>IMG_000491.jpg</filename>
	<path>G:\Mi unidad\smartcity\train\DARIGIL\IMG_000491.jpg</path>
	<source>
		<database>Unknown</database>
	</source>
	<size>
		<width>640</width>
		<height>480</height>
		<depth>3</depth>
	</size>
	<segmented>0</segmented>
	<object>
		<name>person</name>
		<pose>Unspecified</pose>
		<truncated>0</truncated>
		<difficult>0</difficult>
		<bndbox>
			<xmin>331</xmin>
			<ymin>264</ymin>
			<xmax>523</xmax>
			<ymax>449</ymax>
		</bndbox>
	</object>
	<object>
		<name>person</name>
		<pose>Unspecified</pose>
		<truncated>0</truncated>
		<difficult>0</difficult>
		<bndbox>
			<xmin>90</xmin>
			<ymin>88</ymin>
			<xmax>321</xmax>
			<ymax>268</ymax>
		</bndbox>
	</object>
</annotation>
