<annotation>
	<folder>ROBERTO</folder>
	<filename>IMG_000201.jpg</filename>
	<path>C:\Users\USUARIO\Desktop\DatasetCuentaPersonas\Frames\Lab\Train\ROBERTO\IMG_000201.jpg</path>
	<source>
		<database>Unknown</database>
	</source>
	<size>
		<width>640</width>
		<height>480</height>
		<depth>3</depth>
	</size>
	<segmented>0</segmented>
	<object>
		<name>person</name>
		<pose>Unspecified</pose>
		<truncated>0</truncated>
		<difficult>0</difficult>
		<bndbox>
			<xmin>43</xmin>
			<ymin>5</ymin>
			<xmax>251</xmax>
			<ymax>234</ymax>
		</bndbox>
	</object>
	<object>
		<name>person</name>
		<pose>Unspecified</pose>
		<truncated>0</truncated>
		<difficult>0</difficult>
		<bndbox>
			<xmin>309</xmin>
			<ymin>141</ymin>
			<xmax>519</xmax>
			<ymax>297</ymax>
		</bndbox>
	</object>
</annotation>
