<annotation>
	<folder>ROBERTO</folder>
	<filename>IMG_000203.jpg</filename>
	<path>C:\Users\USUARIO\Desktop\DatasetCuentaPersonas\Frames\Lab\Train\ROBERTO\IMG_000203.jpg</path>
	<source>
		<database>Unknown</database>
	</source>
	<size>
		<width>640</width>
		<height>480</height>
		<depth>3</depth>
	</size>
	<segmented>0</segmented>
	<object>
		<name>person</name>
		<pose>Unspecified</pose>
		<truncated>1</truncated>
		<difficult>0</difficult>
		<bndbox>
			<xmin>45</xmin>
			<ymin>1</ymin>
			<xmax>256</xmax>
			<ymax>187</ymax>
		</bndbox>
	</object>
	<object>
		<name>person</name>
		<pose>Unspecified</pose>
		<truncated>0</truncated>
		<difficult>0</difficult>
		<bndbox>
			<xmin>312</xmin>
			<ymin>135</ymin>
			<xmax>504</xmax>
			<ymax>325</ymax>
		</bndbox>
	</object>
</annotation>
