<annotation>
	<folder>DARIGIL</folder>
	<filename>IMG_000387.jpg</filename>
	<path>G:\Mi unidad\smartcity\train\DARIGIL\IMG_000387.jpg</path>
	<source>
		<database>Unknown</database>
	</source>
	<size>
		<width>640</width>
		<height>480</height>
		<depth>3</depth>
	</size>
	<segmented>0</segmented>
	<object>
		<name>person</name>
		<pose>Unspecified</pose>
		<truncated>1</truncated>
		<difficult>0</difficult>
		<bndbox>
			<xmin>348</xmin>
			<ymin>1</ymin>
			<xmax>550</xmax>
			<ymax>171</ymax>
		</bndbox>
	</object>
	<object>
		<name>person</name>
		<pose>Unspecified</pose>
		<truncated>0</truncated>
		<difficult>0</difficult>
		<bndbox>
			<xmin>21</xmin>
			<ymin>190</ymin>
			<xmax>263</xmax>
			<ymax>427</ymax>
		</bndbox>
	</object>
</annotation>
