<annotation>
	<folder>ROBERTO</folder>
	<filename>IMG_000378.jpg</filename>
	<path>C:\Users\USUARIO\Desktop\DatasetCuentaPersonas\Frames\Lab\Train\ROBERTO\IMG_000378.jpg</path>
	<source>
		<database>Unknown</database>
	</source>
	<size>
		<width>640</width>
		<height>480</height>
		<depth>3</depth>
	</size>
	<segmented>0</segmented>
	<object>
		<name>person</name>
		<pose>Unspecified</pose>
		<truncated>0</truncated>
		<difficult>0</difficult>
		<bndbox>
			<xmin>37</xmin>
			<ymin>66</ymin>
			<xmax>241</xmax>
			<ymax>279</ymax>
		</bndbox>
	</object>
	<object>
		<name>person</name>
		<pose>Unspecified</pose>
		<truncated>0</truncated>
		<difficult>0</difficult>
		<bndbox>
			<xmin>340</xmin>
			<ymin>141</ymin>
			<xmax>556</xmax>
			<ymax>291</ymax>
		</bndbox>
	</object>
</annotation>
