<annotation>
	<folder>DARIGIL</folder>
	<filename>IMG_000191.jpg</filename>
	<path>G:\Mi unidad\smartcity\train\DARIGIL\IMG_000191.jpg</path>
	<source>
		<database>Unknown</database>
	</source>
	<size>
		<width>640</width>
		<height>480</height>
		<depth>3</depth>
	</size>
	<segmented>0</segmented>
	<object>
		<name>person</name>
		<pose>Unspecified</pose>
		<truncated>0</truncated>
		<difficult>0</difficult>
		<bndbox>
			<xmin>27</xmin>
			<ymin>203</ymin>
			<xmax>242</xmax>
			<ymax>377</ymax>
		</bndbox>
	</object>
	<object>
		<name>person</name>
		<pose>Unspecified</pose>
		<truncated>1</truncated>
		<difficult>0</difficult>
		<bndbox>
			<xmin>304</xmin>
			<ymin>1</ymin>
			<xmax>495</xmax>
			<ymax>196</ymax>
		</bndbox>
	</object>
</annotation>
